"filename", "language", "Markdown", "Lua", "XML", "comment", "blank", "total"
"c:\Program Files (x86)\Steam\steamapps\common\Forts\data\mods\fortswheelsmod\.sfx\Metadata\Asset\{57da8d23-6797-4a81-8598-bfcd0d674e8d}.xml", "XML", 0, 0, 4, 0, 1, 5
"c:\Program Files (x86)\Steam\steamapps\common\Forts\data\mods\fortswheelsmod\.sfx\Metadata\AudioFile\{018103bd-1e26-4786-9ac2-d583993419ad}.xml", "XML", 0, 0, 20, 0, 1, 21
"c:\Program Files (x86)\Steam\steamapps\common\Forts\data\mods\fortswheelsmod\.sfx\Metadata\AudioFile\{07cafd14-2375-4d52-b9a3-47563c23b8d8}.xml", "XML", 0, 0, 20, 0, 1, 21
"c:\Program Files (x86)\Steam\steamapps\common\Forts\data\mods\fortswheelsmod\.sfx\Metadata\AudioFile\{39f78fc5-f843-40d0-b636-35c0f9f131f7}.xml", "XML", 0, 0, 20, 0, 1, 21
"c:\Program Files (x86)\Steam\steamapps\common\Forts\data\mods\fortswheelsmod\.sfx\Metadata\AudioFile\{4ae6c663-2fcb-45c5-922d-8a06b6b8f003}.xml", "XML", 0, 0, 20, 0, 1, 21
"c:\Program Files (x86)\Steam\steamapps\common\Forts\data\mods\fortswheelsmod\.sfx\Metadata\AudioFile\{4fff0f5b-cfc6-465b-bb90-34c9d497e6b7}.xml", "XML", 0, 0, 20, 0, 1, 21
"c:\Program Files (x86)\Steam\steamapps\common\Forts\data\mods\fortswheelsmod\.sfx\Metadata\AudioFile\{56dbecbe-e8f3-451e-a585-028a378ebf47}.xml", "XML", 0, 0, 20, 0, 1, 21
"c:\Program Files (x86)\Steam\steamapps\common\Forts\data\mods\fortswheelsmod\.sfx\Metadata\AudioFile\{631b5767-5070-470a-8ca4-13e200976454}.xml", "XML", 0, 0, 20, 0, 1, 21
"c:\Program Files (x86)\Steam\steamapps\common\Forts\data\mods\fortswheelsmod\.sfx\Metadata\AudioFile\{65b8231e-e7d8-4c24-a638-db479acdf942}.xml", "XML", 0, 0, 20, 0, 1, 21
"c:\Program Files (x86)\Steam\steamapps\common\Forts\data\mods\fortswheelsmod\.sfx\Metadata\AudioFile\{82f8897a-68b7-4dab-9b70-e40c2c99d284}.xml", "XML", 0, 0, 20, 0, 1, 21
"c:\Program Files (x86)\Steam\steamapps\common\Forts\data\mods\fortswheelsmod\.sfx\Metadata\AudioFile\{8a3c3f25-4d36-4179-906b-98c6001351d9}.xml", "XML", 0, 0, 20, 0, 1, 21
"c:\Program Files (x86)\Steam\steamapps\common\Forts\data\mods\fortswheelsmod\.sfx\Metadata\AudioFile\{8f981311-284f-40b1-83a7-2115c7f46715}.xml", "XML", 0, 0, 20, 0, 1, 21
"c:\Program Files (x86)\Steam\steamapps\common\Forts\data\mods\fortswheelsmod\.sfx\Metadata\AudioFile\{98d9909b-60d5-4170-96fc-d04dcf4b4303}.xml", "XML", 0, 0, 23, 0, 1, 24
"c:\Program Files (x86)\Steam\steamapps\common\Forts\data\mods\fortswheelsmod\.sfx\Metadata\AudioFile\{b1e9dac3-4237-4c3f-a080-7afa911cbbfc}.xml", "XML", 0, 0, 20, 0, 1, 21
"c:\Program Files (x86)\Steam\steamapps\common\Forts\data\mods\fortswheelsmod\.sfx\Metadata\AudioFile\{c58269d0-4ad7-4b3f-96b9-3f3e8d98d291}.xml", "XML", 0, 0, 20, 0, 1, 21
"c:\Program Files (x86)\Steam\steamapps\common\Forts\data\mods\fortswheelsmod\.sfx\Metadata\AudioFile\{ee6dc663-7955-47a8-87d6-5ee459da74a0}.xml", "XML", 0, 0, 20, 0, 1, 21
"c:\Program Files (x86)\Steam\steamapps\common\Forts\data\mods\fortswheelsmod\.sfx\Metadata\AudioFile\{f5b3195b-9ab9-431e-a444-c616b9b7a7f8}.xml", "XML", 0, 0, 20, 0, 1, 21
"c:\Program Files (x86)\Steam\steamapps\common\Forts\data\mods\fortswheelsmod\.sfx\Metadata\BankFolder\{e91f7a1c-89b3-44a4-8fd2-2eb6ee052248}.xml", "XML", 0, 0, 4, 0, 1, 5
"c:\Program Files (x86)\Steam\steamapps\common\Forts\data\mods\fortswheelsmod\.sfx\Metadata\Bank\{b5fbd075-6b7d-429e-bddd-67db6e387e97}.xml", "XML", 0, 0, 14, 0, 1, 15
"c:\Program Files (x86)\Steam\steamapps\common\Forts\data\mods\fortswheelsmod\.sfx\Metadata\EffectPresetFolder\{b2c01394-e3b2-4bf9-b9f7-449857455f61}.xml", "XML", 0, 0, 4, 0, 1, 5
"c:\Program Files (x86)\Steam\steamapps\common\Forts\data\mods\fortswheelsmod\.sfx\Metadata\EffectPreset\{1768482f-5616-44ad-a6a4-89cdeb24bdc9}.xml", "XML", 0, 0, 52, 0, 1, 53
"c:\Program Files (x86)\Steam\steamapps\common\Forts\data\mods\fortswheelsmod\.sfx\Metadata\EffectPreset\{7b78fbba-8841-442f-920d-18e237f01423}.xml", "XML", 0, 0, 64, 0, 1, 65
"c:\Program Files (x86)\Steam\steamapps\common\Forts\data\mods\fortswheelsmod\.sfx\Metadata\EffectPreset\{9b30ac4e-b224-45bd-a225-342de917042c}.xml", "XML", 0, 0, 55, 0, 1, 56
"c:\Program Files (x86)\Steam\steamapps\common\Forts\data\mods\fortswheelsmod\.sfx\Metadata\EffectPreset\{a17e2aba-6aa4-465c-b907-b062b1419881}.xml", "XML", 0, 0, 55, 0, 1, 56
"c:\Program Files (x86)\Steam\steamapps\common\Forts\data\mods\fortswheelsmod\.sfx\Metadata\EffectPreset\{cdac7b16-3f91-41bb-b62f-40278bf2de45}.xml", "XML", 0, 0, 25, 0, 1, 26
"c:\Program Files (x86)\Steam\steamapps\common\Forts\data\mods\fortswheelsmod\.sfx\Metadata\EffectPreset\{d3c8ed9b-8fff-42f7-b83b-75e90acceeee}.xml", "XML", 0, 0, 93, 0, 1, 94
"c:\Program Files (x86)\Steam\steamapps\common\Forts\data\mods\fortswheelsmod\.sfx\Metadata\EncodingSetting\{023e158d-7bc9-4ed9-b5c9-d4ef6c12c2f2}.xml", "XML", 0, 0, 17, 0, 1, 18
"c:\Program Files (x86)\Steam\steamapps\common\Forts\data\mods\fortswheelsmod\.sfx\Metadata\EncodingSetting\{084c7162-13ac-46ed-82d3-440f9458f094}.xml", "XML", 0, 0, 17, 0, 1, 18
"c:\Program Files (x86)\Steam\steamapps\common\Forts\data\mods\fortswheelsmod\.sfx\Metadata\EncodingSetting\{609b72d4-d81b-4cad-b5de-555b95993e59}.xml", "XML", 0, 0, 20, 0, 1, 21
"c:\Program Files (x86)\Steam\steamapps\common\Forts\data\mods\fortswheelsmod\.sfx\Metadata\EncodingSetting\{6349b204-d7b1-48d2-af51-8a08b83469bb}.xml", "XML", 0, 0, 17, 0, 1, 18
"c:\Program Files (x86)\Steam\steamapps\common\Forts\data\mods\fortswheelsmod\.sfx\Metadata\EncodingSetting\{831c3fe4-8fa2-4e47-892d-8fcdd8543451}.xml", "XML", 0, 0, 17, 0, 1, 18
"c:\Program Files (x86)\Steam\steamapps\common\Forts\data\mods\fortswheelsmod\.sfx\Metadata\EncodingSetting\{859c1df1-5a2d-4c71-b853-928521993e0e}.xml", "XML", 0, 0, 17, 0, 1, 18
"c:\Program Files (x86)\Steam\steamapps\common\Forts\data\mods\fortswheelsmod\.sfx\Metadata\EncodingSetting\{8d753bd8-eb58-41ef-b451-4942f4df108e}.xml", "XML", 0, 0, 17, 0, 1, 18
"c:\Program Files (x86)\Steam\steamapps\common\Forts\data\mods\fortswheelsmod\.sfx\Metadata\EncodingSetting\{8edcad60-dcdb-4e17-aa46-fa267adda62c}.xml", "XML", 0, 0, 17, 0, 1, 18
"c:\Program Files (x86)\Steam\steamapps\common\Forts\data\mods\fortswheelsmod\.sfx\Metadata\EncodingSetting\{ae51388b-6003-4c15-9e9c-48a5f9e95a62}.xml", "XML", 0, 0, 17, 0, 1, 18
"c:\Program Files (x86)\Steam\steamapps\common\Forts\data\mods\fortswheelsmod\.sfx\Metadata\EncodingSetting\{d043db3a-b2a7-430b-a2ad-0f535654bdff}.xml", "XML", 0, 0, 17, 0, 1, 18
"c:\Program Files (x86)\Steam\steamapps\common\Forts\data\mods\fortswheelsmod\.sfx\Metadata\EncodingSetting\{d2583550-b225-4a18-bb46-561661b5df54}.xml", "XML", 0, 0, 17, 0, 1, 18
"c:\Program Files (x86)\Steam\steamapps\common\Forts\data\mods\fortswheelsmod\.sfx\Metadata\EncodingSetting\{d328a472-5cb5-4f61-b204-ff270e8c6852}.xml", "XML", 0, 0, 14, 0, 1, 15
"c:\Program Files (x86)\Steam\steamapps\common\Forts\data\mods\fortswheelsmod\.sfx\Metadata\EncodingSetting\{dda4ca4f-db88-4e36-b4f0-e531d7ccee63}.xml", "XML", 0, 0, 17, 0, 1, 18
"c:\Program Files (x86)\Steam\steamapps\common\Forts\data\mods\fortswheelsmod\.sfx\Metadata\EncodingSetting\{e3a17906-ba84-44f0-bdb9-755d74b00233}.xml", "XML", 0, 0, 17, 0, 1, 18
"c:\Program Files (x86)\Steam\steamapps\common\Forts\data\mods\fortswheelsmod\.sfx\Metadata\EncodingSetting\{eaa3ae00-0b41-42d4-af5d-295850092ea2}.xml", "XML", 0, 0, 17, 0, 1, 18
"c:\Program Files (x86)\Steam\steamapps\common\Forts\data\mods\fortswheelsmod\.sfx\Metadata\EncodingSetting\{f74ea033-a924-4774-ada8-afc234ef197c}.xml", "XML", 0, 0, 17, 0, 1, 18
"c:\Program Files (x86)\Steam\steamapps\common\Forts\data\mods\fortswheelsmod\.sfx\Metadata\EncodingSetting\{ff1d0e75-c38e-4779-ba5e-004dcc05cdb6}.xml", "XML", 0, 0, 17, 0, 1, 18
"c:\Program Files (x86)\Steam\steamapps\common\Forts\data\mods\fortswheelsmod\.sfx\Metadata\EventFolder\{4887e6fa-e58e-4571-9d99-cebb336430d8}.xml", "XML", 0, 0, 4, 0, 1, 5
"c:\Program Files (x86)\Steam\steamapps\common\Forts\data\mods\fortswheelsmod\.sfx\Metadata\EventFolder\{672335e9-abc4-4188-b3f6-6a58774c15c5}.xml", "XML", 0, 0, 11, 0, 1, 12
"c:\Program Files (x86)\Steam\steamapps\common\Forts\data\mods\fortswheelsmod\.sfx\Metadata\EventFolder\{9ad83285-2538-4f04-9a90-6f7e28227889}.xml", "XML", 0, 0, 11, 0, 1, 12
"c:\Program Files (x86)\Steam\steamapps\common\Forts\data\mods\fortswheelsmod\.sfx\Metadata\EventFolder\{a78a5655-cf63-40a3-9711-5897bf958bc4}.xml", "XML", 0, 0, 11, 0, 1, 12
"c:\Program Files (x86)\Steam\steamapps\common\Forts\data\mods\fortswheelsmod\.sfx\Metadata\Event\{0edaf243-cfe8-4655-910a-593ec6f793f4}.xml", "XML", 0, 0, 1204, 0, 1, 1205
"c:\Program Files (x86)\Steam\steamapps\common\Forts\data\mods\fortswheelsmod\.sfx\Metadata\Event\{47531d85-65c9-4e26-9bf0-a48e65cbea05}.xml", "XML", 0, 0, 495, 0, 1, 496
"c:\Program Files (x86)\Steam\steamapps\common\Forts\data\mods\fortswheelsmod\.sfx\Metadata\Event\{644189a2-40be-401d-b1a3-6c1278a49fc6}.xml", "XML", 0, 0, 269, 0, 1, 270
"c:\Program Files (x86)\Steam\steamapps\common\Forts\data\mods\fortswheelsmod\.sfx\Metadata\Event\{814dfd18-5bf7-482f-bd30-994f210da3d6}.xml", "XML", 0, 0, 309, 0, 1, 310
"c:\Program Files (x86)\Steam\steamapps\common\Forts\data\mods\fortswheelsmod\.sfx\Metadata\Event\{bbc29955-6223-404b-bac8-183c06a1dc40}.xml", "XML", 0, 0, 281, 0, 1, 282
"c:\Program Files (x86)\Steam\steamapps\common\Forts\data\mods\fortswheelsmod\.sfx\Metadata\Event\{c72efa26-32d2-47b7-9398-8f149c9bbd19}.xml", "XML", 0, 0, 274, 0, 1, 275
"c:\Program Files (x86)\Steam\steamapps\common\Forts\data\mods\fortswheelsmod\.sfx\Metadata\Group\{4808e653-bb85-4505-9f25-1ee4c3d95631}.xml", "XML", 0, 0, 24, 0, 1, 25
"c:\Program Files (x86)\Steam\steamapps\common\Forts\data\mods\fortswheelsmod\.sfx\Metadata\Group\{a63c4ede-5c6c-4e7b-adf2-668b60cec663}.xml", "XML", 0, 0, 24, 0, 1, 25
"c:\Program Files (x86)\Steam\steamapps\common\Forts\data\mods\fortswheelsmod\.sfx\Metadata\Group\{e2896b49-cc65-4c83-8d43-cbf5ad31e79a}.xml", "XML", 0, 0, 24, 0, 1, 25
"c:\Program Files (x86)\Steam\steamapps\common\Forts\data\mods\fortswheelsmod\.sfx\Metadata\Master.xml", "XML", 0, 0, 34, 0, 1, 35
"c:\Program Files (x86)\Steam\steamapps\common\Forts\data\mods\fortswheelsmod\.sfx\Metadata\Mixer.xml", "XML", 0, 0, 11, 0, 1, 12
"c:\Program Files (x86)\Steam\steamapps\common\Forts\data\mods\fortswheelsmod\.sfx\Metadata\ParameterPresetFolder\{e17bc097-402e-48cf-9781-870d0d3b3a7a}.xml", "XML", 0, 0, 4, 0, 1, 5
"c:\Program Files (x86)\Steam\steamapps\common\Forts\data\mods\fortswheelsmod\.sfx\Metadata\ParameterPreset\{293989e6-3715-486a-8a52-72fb587c5ad5}.xml", "XML", 0, 0, 22, 0, 1, 23
"c:\Program Files (x86)\Steam\steamapps\common\Forts\data\mods\fortswheelsmod\.sfx\Metadata\ParameterPreset\{5150ccdc-0fa8-4027-af08-fa65bed56275}.xml", "XML", 0, 0, 28, 0, 1, 29
"c:\Program Files (x86)\Steam\steamapps\common\Forts\data\mods\fortswheelsmod\.sfx\Metadata\ParameterPreset\{691e5cc1-6290-415f-98b6-e2d229e779ce}.xml", "XML", 0, 0, 31, 0, 1, 32
"c:\Program Files (x86)\Steam\steamapps\common\Forts\data\mods\fortswheelsmod\.sfx\Metadata\ParameterPreset\{85192bce-4dae-4fc4-88c4-fcc6f9c3a960}.xml", "XML", 0, 0, 22, 0, 1, 23
"c:\Program Files (x86)\Steam\steamapps\common\Forts\data\mods\fortswheelsmod\.sfx\Metadata\ParameterPreset\{be31853a-1d49-4286-85bc-f5da30d4559c}.xml", "XML", 0, 0, 22, 0, 1, 23
"c:\Program Files (x86)\Steam\steamapps\common\Forts\data\mods\fortswheelsmod\.sfx\Metadata\ParameterPreset\{cec5715c-a26d-4cb8-b033-d150336d8618}.xml", "XML", 0, 0, 22, 0, 1, 23
"c:\Program Files (x86)\Steam\steamapps\common\Forts\data\mods\fortswheelsmod\.sfx\Metadata\ParameterPreset\{ff0d73e4-522e-468f-b3dd-fe2c6333e419}.xml", "XML", 0, 0, 22, 0, 1, 23
"c:\Program Files (x86)\Steam\steamapps\common\Forts\data\mods\fortswheelsmod\.sfx\Metadata\Platform\{7f637b61-e3ff-413a-bcd3-970b1cbb73e5}.xml", "XML", 0, 0, 17, 0, 1, 18
"c:\Program Files (x86)\Steam\steamapps\common\Forts\data\mods\fortswheelsmod\.sfx\Metadata\ProfilerFolder\{e1765892-5a45-40a3-8453-ae7aba094aa2}.xml", "XML", 0, 0, 4, 0, 1, 5
"c:\Program Files (x86)\Steam\steamapps\common\Forts\data\mods\fortswheelsmod\.sfx\Metadata\Return\{3af97983-b22f-48ba-847d-cb76d389a587}.xml", "XML", 0, 0, 60, 0, 1, 61
"c:\Program Files (x86)\Steam\steamapps\common\Forts\data\mods\fortswheelsmod\.sfx\Metadata\SandboxFolder\{1d0c1cfb-58d9-4229-a951-56f768d3508a}.xml", "XML", 0, 0, 4, 0, 1, 5
"c:\Program Files (x86)\Steam\steamapps\common\Forts\data\mods\fortswheelsmod\.sfx\Metadata\SnapshotGroup\{c209e312-c45d-481e-a94a-a64e3d62b35b}.xml", "XML", 0, 0, 8, 0, 1, 9
"c:\Program Files (x86)\Steam\steamapps\common\Forts\data\mods\fortswheelsmod\.sfx\Metadata\Tags.xml", "XML", 0, 0, 13, 0, 1, 14
"c:\Program Files (x86)\Steam\steamapps\common\Forts\data\mods\fortswheelsmod\.sfx\Metadata\Workspace.xml", "XML", 0, 0, 39, 0, 1, 40
"c:\Program Files (x86)\Steam\steamapps\common\Forts\data\mods\fortswheelsmod\README.md", "Markdown", 7, 0, 0, 0, 6, 13
"c:\Program Files (x86)\Steam\steamapps\common\Forts\data\mods\fortswheelsmod\config\commanders.lua", "Lua", 0, 17, 0, 0, 3, 20
"c:\Program Files (x86)\Steam\steamapps\common\Forts\data\mods\fortswheelsmod\config\config.lua", "Lua", 0, 67, 0, 12, 15, 94
"c:\Program Files (x86)\Steam\steamapps\common\Forts\data\mods\fortswheelsmod\debugMagic.lua", "Lua", 0, 90, 0, 1, 9, 100
"c:\Program Files (x86)\Steam\steamapps\common\Forts\data\mods\fortswheelsmod\devices\controller.lua", "Lua", 0, 46, 0, 3, 7, 56
"c:\Program Files (x86)\Steam\steamapps\common\Forts\data\mods\fortswheelsmod\devices\device_list.lua", "Lua", 0, 192, 0, 10, 20, 222
"c:\Program Files (x86)\Steam\steamapps\common\Forts\data\mods\fortswheelsmod\devices\drill.lua", "Lua", 0, 57, 0, 0, 2, 59
"c:\Program Files (x86)\Steam\steamapps\common\Forts\data\mods\fortswheelsmod\devices\drill2.lua", "Lua", 0, 87, 0, 0, 3, 90
"c:\Program Files (x86)\Steam\steamapps\common\Forts\data\mods\fortswheelsmod\devices\drill3.lua", "Lua", 0, 31, 0, 0, 1, 32
"c:\Program Files (x86)\Steam\steamapps\common\Forts\data\mods\fortswheelsmod\devices\drill4.lua", "Lua", 0, 62, 0, 0, 1, 63
"c:\Program Files (x86)\Steam\steamapps\common\Forts\data\mods\fortswheelsmod\devices\engine.lua", "Lua", 0, 45, 0, 3, 7, 55
"c:\Program Files (x86)\Steam\steamapps\common\Forts\data\mods\fortswheelsmod\devices\gearbox.lua", "Lua", 0, 45, 0, 3, 7, 55
"c:\Program Files (x86)\Steam\steamapps\common\Forts\data\mods\fortswheelsmod\devices\strings.lua", "Lua", 0, 21, 0, 0, 8, 29
"c:\Program Files (x86)\Steam\steamapps\common\Forts\data\mods\fortswheelsmod\devices\suspension.lua", "Lua", 0, 64, 0, 9, 5, 78
"c:\Program Files (x86)\Steam\steamapps\common\Forts\data\mods\fortswheelsmod\devices\suspensionInverted.lua", "Lua", 0, 5, 0, 0, 0, 5
"c:\Program Files (x86)\Steam\steamapps\common\Forts\data\mods\fortswheelsmod\displayname.lua", "Lua", 0, 21, 0, 0, 0, 21
"c:\Program Files (x86)\Steam\steamapps\common\Forts\data\mods\fortswheelsmod\effects\drill_extend.lua", "Lua", 0, 5, 0, 2, 2, 9
"c:\Program Files (x86)\Steam\steamapps\common\Forts\data\mods\fortswheelsmod\effects\engine_complete.lua", "Lua", 0, 5, 0, 2, 2, 9
"c:\Program Files (x86)\Steam\steamapps\common\Forts\data\mods\fortswheelsmod\effects\engine_loop.lua", "Lua", 0, 5, 0, 2, 2, 9
"c:\Program Files (x86)\Steam\steamapps\common\Forts\data\mods\fortswheelsmod\effects\idle_drill.lua", "Lua", 0, 112, 0, 3, 8, 123
"c:\Program Files (x86)\Steam\steamapps\common\Forts\data\mods\fortswheelsmod\effects\smoke_poof.lua", "Lua", 0, 40, 0, 3, 5, 48
"c:\Program Files (x86)\Steam\steamapps\common\Forts\data\mods\fortswheelsmod\effects\track.lua", "Lua", 0, 42, 0, 2, 8, 52
"c:\Program Files (x86)\Steam\steamapps\common\Forts\data\mods\fortswheelsmod\effects\track_link.lua", "Lua", 0, 42, 0, 2, 8, 52
"c:\Program Files (x86)\Steam\steamapps\common\Forts\data\mods\fortswheelsmod\effects\track_sprocket.lua", "Lua", 0, 42, 0, 2, 8, 52
"c:\Program Files (x86)\Steam\steamapps\common\Forts\data\mods\fortswheelsmod\effects\wheel.lua", "Lua", 0, 42, 0, 2, 8, 52
"c:\Program Files (x86)\Steam\steamapps\common\Forts\data\mods\fortswheelsmod\effects\wheel_sound.lua", "Lua", 0, 5, 0, 2, 1, 8
"c:\Program Files (x86)\Steam\steamapps\common\Forts\data\mods\fortswheelsmod\materials\building_materials.lua", "Lua", 0, 39, 0, 2, 4, 45
"c:\Program Files (x86)\Steam\steamapps\common\Forts\data\mods\fortswheelsmod\materials\strings.lua", "Lua", 0, 6, 0, 0, 0, 6
"c:\Program Files (x86)\Steam\steamapps\common\Forts\data\mods\fortswheelsmod\mod.lua", "Lua", 0, 1, 0, 0, 0, 1
"c:\Program Files (x86)\Steam\steamapps\common\Forts\data\mods\fortswheelsmod\mods\commander-bpo-scattershot\mods\2970318195\weapons\observer_dummy.lua", "Lua", 0, 3, 0, 0, 0, 3
"c:\Program Files (x86)\Steam\steamapps\common\Forts\data\mods\fortswheelsmod\mods\commander-bpo-seep\mods\2970318195\weapons\observer_dummy.lua", "Lua", 0, 3, 0, 0, 0, 3
"c:\Program Files (x86)\Steam\steamapps\common\Forts\data\mods\fortswheelsmod\mods\commander-bpo-shockenaugh\mods\2970318195\weapons\observer_dummy.lua", "Lua", 0, 3, 0, 0, 0, 3
"c:\Program Files (x86)\Steam\steamapps\common\Forts\data\mods\fortswheelsmod\mods\commander-cf-buster\mods\2970318195\weapons\observer_dummy.lua", "Lua", 0, 3, 0, 0, 0, 3
"c:\Program Files (x86)\Steam\steamapps\common\Forts\data\mods\fortswheelsmod\mods\commander-cf-moonshine\mods\2970318195\weapons\observer_dummy.lua", "Lua", 0, 3, 0, 0, 0, 3
"c:\Program Files (x86)\Steam\steamapps\common\Forts\data\mods\fortswheelsmod\mods\commander-cf-phantom\mods\2970318195\weapons\observer_dummy.lua", "Lua", 0, 3, 0, 0, 0, 3
"c:\Program Files (x86)\Steam\steamapps\common\Forts\data\mods\fortswheelsmod\mods\commander-da-builder\mods\2970318195\weapons\observer_dummy.lua", "Lua", 0, 3, 0, 0, 0, 3
"c:\Program Files (x86)\Steam\steamapps\common\Forts\data\mods\fortswheelsmod\mods\commander-da-overclocker\mods\2970318195\weapons\observer_dummy.lua", "Lua", 0, 3, 0, 0, 0, 3
"c:\Program Files (x86)\Steam\steamapps\common\Forts\data\mods\fortswheelsmod\mods\commander-da-speed-demon\mods\2970318195\weapons\observer_dummy.lua", "Lua", 0, 3, 0, 0, 0, 3
"c:\Program Files (x86)\Steam\steamapps\common\Forts\data\mods\fortswheelsmod\mods\commander-ee-fireman\mods\2970318195\weapons\observer_dummy.lua", "Lua", 0, 3, 0, 0, 0, 3
"c:\Program Files (x86)\Steam\steamapps\common\Forts\data\mods\fortswheelsmod\mods\commander-ee-heavy-weapons\mods\2970318195\weapons\observer_dummy.lua", "Lua", 0, 3, 0, 0, 0, 3
"c:\Program Files (x86)\Steam\steamapps\common\Forts\data\mods\fortswheelsmod\mods\commander-ee-marksman\mods\2970318195\weapons\observer_dummy.lua", "Lua", 0, 3, 0, 0, 0, 3
"c:\Program Files (x86)\Steam\steamapps\common\Forts\data\mods\fortswheelsmod\mods\commander-iba-miser\mods\2970318195\weapons\observer_dummy.lua", "Lua", 0, 3, 0, 0, 0, 3
"c:\Program Files (x86)\Steam\steamapps\common\Forts\data\mods\fortswheelsmod\mods\commander-iba-spy\mods\2970318195\weapons\observer_dummy.lua", "Lua", 0, 3, 0, 0, 0, 3
"c:\Program Files (x86)\Steam\steamapps\common\Forts\data\mods\fortswheelsmod\mods\commander-iba-turtle\mods\2970318195\weapons\observer_dummy.lua", "Lua", 0, 3, 0, 0, 0, 3
"c:\Program Files (x86)\Steam\steamapps\common\Forts\data\mods\fortswheelsmod\mods\language-French\devices\strings.lua", "Lua", 0, 59, 0, 0, 0, 59
"c:\Program Files (x86)\Steam\steamapps\common\Forts\data\mods\fortswheelsmod\mods\language-French\materials\strings.lua", "Lua", 0, 0, 0, 0, 1, 1
"c:\Program Files (x86)\Steam\steamapps\common\Forts\data\mods\fortswheelsmod\mods\language-German\devices\strings.lua", "Lua", 0, 57, 0, 0, 0, 57
"c:\Program Files (x86)\Steam\steamapps\common\Forts\data\mods\fortswheelsmod\mods\language-Hungarian\devices\strings.lua", "Lua", 0, 55, 0, 0, 0, 55
"c:\Program Files (x86)\Steam\steamapps\common\Forts\data\mods\fortswheelsmod\mods\language-Italian\devices\strings.lua", "Lua", 0, 57, 0, 0, 0, 57
"c:\Program Files (x86)\Steam\steamapps\common\Forts\data\mods\fortswheelsmod\mods\language-Russian\devices\strings.lua", "Lua", 0, 55, 0, 0, 0, 55
"c:\Program Files (x86)\Steam\steamapps\common\Forts\data\mods\fortswheelsmod\mods\language-Russian\materials\strings.lua", "Lua", 0, 21, 0, 0, 0, 21
"c:\Program Files (x86)\Steam\steamapps\common\Forts\data\mods\fortswheelsmod\mods\language-Turkish\devices\strings.lua", "Lua", 0, 55, 0, 0, 0, 55
"c:\Program Files (x86)\Steam\steamapps\common\Forts\data\mods\fortswheelsmod\mods\weapon_pack\weapons\firebeam.lua", "Lua", 0, 2, 0, 0, 0, 2
"c:\Program Files (x86)\Steam\steamapps\common\Forts\data\mods\fortswheelsmod\publishedfileid.lua", "Lua", 0, 1, 0, 0, 1, 2
"c:\Program Files (x86)\Steam\steamapps\common\Forts\data\mods\fortswheelsmod\script.lua", "Lua", 0, 232, 0, 13, 45, 290
"c:\Program Files (x86)\Steam\steamapps\common\Forts\data\mods\fortswheelsmod\scripts\BetterLog.lua", "Lua", 0, 66, 0, 17, 5, 88
"c:\Program Files (x86)\Steam\steamapps\common\Forts\data\mods\fortswheelsmod\scripts\CommanderDetection.lua", "Lua", 0, 13, 0, 3, 4, 20
"c:\Program Files (x86)\Steam\steamapps\common\Forts\data\mods\fortswheelsmod\scripts\PID.lua", "Lua", 0, 4, 0, 58, 6, 68
"c:\Program Files (x86)\Steam\steamapps\common\Forts\data\mods\fortswheelsmod\scripts\Propulsion.lua", "Lua", 0, 132, 0, 18, 55, 205
"c:\Program Files (x86)\Steam\steamapps\common\Forts\data\mods\fortswheelsmod\scripts\RoadLinks.lua", "Lua", 0, 74, 0, 3, 11, 88
"c:\Program Files (x86)\Steam\steamapps\common\Forts\data\mods\fortswheelsmod\scripts\Tracks.lua", "Lua", 0, 246, 0, 28, 59, 333
"c:\Program Files (x86)\Steam\steamapps\common\Forts\data\mods\fortswheelsmod\scripts\VectorFunctions.lua", "Lua", 0, 255, 0, 44, 46, 345
"c:\Program Files (x86)\Steam\steamapps\common\Forts\data\mods\fortswheelsmod\scripts\WheelCollision.lua", "Lua", 0, 209, 0, 26, 55, 290
"c:\Program Files (x86)\Steam\steamapps\common\Forts\data\mods\fortswheelsmod\scripts\controls.lua", "Lua", 0, 68, 0, 11, 12, 91
"c:\Program Files (x86)\Steam\steamapps\common\Forts\data\mods\fortswheelsmod\scripts\coreShield.lua", "Lua", 0, 59, 0, 29, 16, 104
"c:\Program Files (x86)\Steam\steamapps\common\Forts\data\mods\fortswheelsmod\scripts\drillScript.lua", "Lua", 0, 100, 0, 14, 5, 119
"c:\Program Files (x86)\Steam\steamapps\common\Forts\data\mods\fortswheelsmod\scripts\effects.lua", "Lua", 0, 98, 0, 21, 6, 125
"c:\Program Files (x86)\Steam\steamapps\common\Forts\data\mods\fortswheelsmod\scripts\helperDebug.lua", "Lua", 0, 63, 0, 5, 10, 78
"c:\Program Files (x86)\Steam\steamapps\common\Forts\data\mods\fortswheelsmod\scripts\indexing.lua", "Lua", 0, 115, 0, 6, 23, 144
"c:\Program Files (x86)\Steam\steamapps\common\Forts\data\mods\fortswheelsmod\scripts\input.lua", "Lua", 0, 23, 0, 1, 5, 29
"c:\Program Files (x86)\Steam\steamapps\common\Forts\data\mods\fortswheelsmod\scripts\resources.lua", "Lua", 0, 15, 0, 0, 4, 19
"c:\Program Files (x86)\Steam\steamapps\common\Forts\data\mods\fortswheelsmod\ui\controls.lua", "Lua", 0, 106, 0, 12, 1, 119
"c:\Program Files (x86)\Steam\steamapps\common\Forts\data\mods\fortswheelsmod\weapons\controllerNoStructure.lua", "Lua", 0, 97, 0, 3, 11, 111
"c:\Program Files (x86)\Steam\steamapps\common\Forts\data\mods\fortswheelsmod\weapons\controllerStructure.lua", "Lua", 0, 98, 0, 3, 11, 112
"c:\Program Files (x86)\Steam\steamapps\common\Forts\data\mods\fortswheelsmod\weapons\engine.lua", "Lua", 0, 97, 0, 0, 13, 110
"c:\Program Files (x86)\Steam\steamapps\common\Forts\data\mods\fortswheelsmod\weapons\observer_dummy.lua", "Lua", 0, 4, 0, 0, 0, 4
"c:\Program Files (x86)\Steam\steamapps\common\Forts\data\mods\fortswheelsmod\weapons\projectile_list.lua", "Lua", 0, 15, 0, 0, 1, 16
"c:\Program Files (x86)\Steam\steamapps\common\Forts\data\mods\fortswheelsmod\weapons\weapon_list.lua", "Lua", 0, 59, 0, 6, 8, 73
"Total", "-", 7, 3891, 4286, 386, 637, 9207